{"cameraMode":{"drawMode":0,"name":"Shaded","section":"Shading Mode"},"sceneLighting":true,"audioPlay":false,"sceneViewState":{"showFog":true,"showMaterialUpdate":false,"showSkybox":true,"showFlares":true,"showImageEffects":true,"showParticleSystems":true},"in2DMode":false,"pivot":{"x":-0.22998911142349244,"y":-0.06700003147125244,"z":0.0},"rotation":{"x":-0.04229407012462616,"y":0.012585125863552094,"z":-0.000530279241502285,"w":-0.9990330338478088},"size":7.303915977478027,"orthographic":true}